[
  {
    "id": "01",
    "title": "Special Pizza",
    "price": "",
    "image": "images/drvr01.jpg",
    "rating": "4.5",
    "stocks": 2
  },
  {
    "id": "02",
    "title": "Chow Mein",
    "price": "",
    "image": "images/drvr02.jpg",
    "rating": "2.3",
    "stocks": 3
  },
  {
    "id": "03",
    "title": "Pancakes",
    "price": "",
    "image": "images/drvr03.jpg",
    "rating": "2.9",
    "stocks": 1
  },
  {
    "id": "04",
    "title": "Fried Rice",
    "price": "",
    "image": "images/drvr04.jpg",
    "rating": "4.2",
    "stocks": 5
  },
  {
    "id": "05",
    "title": "Dumplings",
    "price": "",
    "image": "images/drvr05.jpg",
    "rating": "4.6",
    "stocks": 9
  }
]
