[
  {
    "id": "01",
    "title": "REAL TIME TRACKING",
    "description": "The School Bus Tracking System assigns routes and alerts for deviations in real-time.",
    "image": "images/delivery-food.png"
  },
  {
    "id": "02",
    "title": "EASY TO BOOK",
    "description": "Book your child's ride in seconds - anytime, anywhere with our School Bus Booking App.",
    "image": "images/easy-order.png"
  },
  {
    "id": "03",
    "title": "VERIFIED DRIVER",
    "description": "Ensuring safe rides for your children - every time with our verified School Bus Drivers.",
    "image": "images/fast-delivery.png"
  },
  {
    "id": "04",
    "title": "Shopee",
    "description": "Lorem ipsum dolor a sit amet consecteture",
    "image": "images/home-banner.PNG"
  },
  {
    "id": "05",
    "title": "Zomato",
    "description": "Lorem ipsum dolor a sit amet consecteture",
    "image": "images/home-banner.PNG"
  }
]